LanePointX,LanePointY
-1.646000,6.000000
-1.644500,6.000000
-1.644125,6.000000
-1.643708,6.000000
-1.643306,6.000000
-1.642917,6.000000
-1.642543,6.000000
-1.642183,6.000000
-1.641836,6.000000
-1.641505,6.000000
-1.641187,6.000000
-1.640883,6.000000
-1.640594,6.000000
-1.640318,6.000000
-1.640057,6.000000
-1.639810,6.000000
-1.637776,6.000000
-1.637769,6.000000
-1.637776,6.000000
-1.637776,6.000000
-1.637776,6.000000
-1.637776,6.000000
-1.637776,6.000000
-1.637776,6.000000
-1.637776,6.000000
-1.637776,6.000000
-1.637776,6.000000
-1.637776,6.000000
-1.637776,6.000000
-1.637734,6.000000
-1.637651,6.000000
-1.615598,6.000000
-1.611949,6.000000
-1.607933,6.000000
-1.603559,6.000000
-1.598722,6.000000
-1.593468,6.000000
-1.587799,6.000000
-1.581605,6.000000
-1.574941,6.000000
-1.567813,6.000000
-1.560122,6.000000
-1.551855,6.000000
-1.543101,6.000000
-1.533747,6.000000
-1.523876,6.000000
-1.292002,6.000000
-1.272944,6.000000
-1.253288,6.000000
-1.233027,6.000000
-1.212281,6.000000
-1.190991,6.000000
-1.169165,6.000000
-1.146789,6.000000
-1.123870,6.000000
-1.100406,6.000000
-1.076402,6.000000
-1.051922,6.000000
-1.026738,6.000000
-1.001118,6.000000
-0.974934,6.000000
-0.482126,6.000000
-0.446690,6.000000
-0.410746,6.000000
-0.374339,6.000000
-0.337193,6.000000
-0.299587,6.000000
-0.261454,6.000000
-0.222786,6.000000
-0.183562,6.000000
-0.143764,6.000000
-0.103487,6.000000
-0.062626,6.000000
-0.021238,6.000000
0.020717,6.000000
0.063179,6.000000
0.816736,6.000000
0.868427,6.000000
0.920529,6.000000
0.973324,6.000000
1.026831,6.000000
1.080565,6.000000
1.134963,6.000000
1.189937,6.000000
1.245448,6.000000
1.301490,6.000000
1.358092,6.000000
1.415237,6.000000
1.472901,6.000000
1.531126,6.000000
1.589884,6.000000
2.604202,6.000000
2.671867,6.000000
2.740366,6.000000
2.809655,6.000000
2.879048,6.000000
2.949186,6.000000
3.020087,6.000000
3.091131,6.000000
3.162918,6.000000
3.235435,6.000000
3.308298,6.000000
3.381708,6.000000
3.455640,6.000000
3.530123,6.000000
3.605170,6.000000
4.866411,6.000000
4.948396,6.000000
5.030759,6.000000
5.113333,6.000000
5.196308,6.000000
5.279563,6.000000
5.363136,6.000000
5.446949,6.000000
5.530998,6.000000
5.614920,6.000000
5.699544,6.000000
5.784160,6.000000
5.869008,6.000000
5.954041,6.000000
6.039283,6.000000
7.418272,6.000000
7.504793,6.000000
7.591276,6.000000
7.677755,6.000000
7.764218,6.000000
7.850654,6.000000
7.936791,6.000000
8.023483,6.000000
8.109863,6.000000
8.196243,6.000000
8.282594,6.000000
8.368686,6.000000
8.455270,6.000000
8.541561,6.000000
8.627870,6.000000
10.006123,6.000000
10.092133,6.000000
10.178102,6.000000
10.264061,6.000000
10.350020,6.000000
10.435981,6.000000
10.521871,6.000000
10.607746,6.000000
10.693622,6.000000
10.779488,6.000000
10.865079,6.000000
10.950890,6.000000
11.036704,6.000000
11.122753,6.000000
11.208537,6.000000
12.578613,6.000000
12.664127,6.000000
12.749570,6.000000
12.834772,6.000000
12.920466,6.000000
13.005933,6.000000
13.091011,6.000000
13.176672,6.000000
13.262019,6.000000
13.347125,6.000000
13.432696,6.000000
13.517776,6.000000
13.603311,6.000000
13.688353,6.000000
13.773852,6.000000
15.135755,6.000000
15.220485,6.000000
15.305691,6.000000
15.390656,6.000000
15.475556,6.000000
15.560478,6.000000
15.645359,6.000000
15.730271,6.000000
15.815088,6.000000
15.899930,6.000000
15.984830,6.000000
16.069565,6.000000
16.154358,6.000000
16.239114,6.000000
16.323866,6.000000
17.677365,6.000000
17.762081,6.000000
17.846561,6.000000
17.930730,6.000000
18.015119,6.000000
18.099747,6.000000
18.184141,6.000000
18.268270,6.000000
18.352857,6.000000
18.437200,6.000000
18.521264,6.000000
18.605569,6.000000
18.690094,6.000000
18.774104,6.000000
18.858603,6.000000
20.204212,6.000000
20.288166,6.000000
20.372103,6.000000
20.456031,6.000000
20.539950,6.000000
20.623616,6.000000
20.707763,6.000000
20.791570,6.000000
20.875391,6.000000
20.958962,6.000000
21.043009,6.000000
21.126796,6.000000
21.210316,6.000000
21.294299,6.000000
21.378029,6.000000
22.715552,6.000000
22.798740,6.000000
22.882404,6.000000
22.965843,6.000000
23.048984,6.000000
23.132610,6.000000
23.215960,6.000000
23.299092,6.000000
23.382661,6.000000
23.466014,6.000000
23.549285,6.000000
23.632302,6.000000
23.715805,6.000000
23.799067,6.000000
23.882042,6.000000
25.211433,6.000000
25.294614,6.000000
25.377553,6.000000
25.460215,6.000000
25.543367,6.000000
25.626238,6.000000
25.708843,6.000000
25.791923,6.000000
25.874772,6.000000
25.957317,6.000000
26.040342,6.000000
26.123130,6.000000
26.205876,6.000000
26.288382,6.000000
26.371353,6.000000
27.692642,6.000000
27.774811,6.000000
27.857235,6.000000
27.939882,6.000000
28.022274,6.000000
28.104412,6.000000
28.187006,6.000000
28.269112,6.000000
28.351435,6.000000
28.433723,6.000000
28.516283,6.000000
28.598287,6.000000
28.680530,6.000000
28.763012,6.000000
28.844993,6.000000
30.159027,6.000000
30.241221,6.000000
30.323522,6.000000
30.405766,6.000000
30.488088,6.000000
30.570455,6.000000
30.652985,6.000000
30.735023,6.000000
30.817633,6.000000
30.900001,6.000000
30.982076,6.000000
31.064383,6.000000
31.146721,6.000000
31.228986,6.000000
31.311523,6.000000
32.625597,6.000000
32.707561,6.000000
32.789536,6.000000
32.871484,6.000000
32.953427,6.000000
33.035424,6.000000
33.117006,6.000000
33.199140,6.000000
33.281007,6.000000
33.362622,6.000000
33.444691,6.000000
33.526515,6.000000
33.608066,6.000000
33.690088,6.000000
33.771883,6.000000
35.077888,6.000000
35.159129,6.000000
35.240847,6.000000
35.322279,6.000000
35.403784,6.000000
35.484885,6.000000
35.566503,6.000000
35.647935,6.000000
35.729019,6.000000
35.810359,6.000000
35.891991,6.000000
35.973015,6.000000
36.054309,6.000000
36.135590,6.000000
36.216858,6.000000
37.515068,6.000000
37.596061,6.000000
37.676993,6.000000
37.757710,6.000000
37.838632,6.000000
37.919845,6.000000
38.000682,6.000000
38.081351,6.000000
38.162202,6.000000
38.243304,6.000000
38.323875,6.000000
38.404689,6.000000
38.485506,6.000000
38.566283,6.000000
38.647080,6.000000
39.943918,6.000000
40.025215,6.000000
40.105994,6.000000
40.186991,6.000000
40.268219,6.000000
40.348970,6.000000
40.430187,6.000000
40.511107,6.000000
40.592025,6.000000
40.672910,6.000000
40.753806,6.000000
40.834646,6.000000
40.915523,6.000000
40.996340,6.000000
41.077178,6.000000
42.368017,6.000000
42.448541,6.000000
42.529062,6.000000
42.609337,6.000000
42.689813,6.000000
42.770493,6.000000
42.850965,6.000000
42.931414,6.000000
43.011821,6.000000
43.091984,6.000000
43.172613,6.000000
43.252735,6.000000
43.333321,6.000000
43.413647,6.000000
43.494014,6.000000
44.776579,6.000000
44.856568,6.000000
44.936852,6.000000
45.016593,6.000000
45.096563,6.000000
45.176798,6.000000
45.256506,6.000000
45.336436,6.000000
45.416587,6.000000
45.496273,6.000000
45.576126,6.000000
45.656246,6.000000
45.736083,6.000000
45.815684,6.000000
45.895497,6.000000
47.171121,6.000000
47.250937,6.000000
47.330791,6.000000
47.410442,6.000000
47.490696,6.000000
47.570583,6.000000
47.650629,6.000000
47.730653,6.000000
47.810566,6.000000
47.890514,6.000000
47.970216,6.000000
48.050143,6.000000
48.130293,6.000000
48.209949,6.000000
48.290082,6.000000
49.565822,6.000000
49.645177,6.000000
49.725006,6.000000
49.804293,6.000000
49.884091,6.000000
49.963626,6.000000
50.043118,6.000000
50.122619,6.000000
50.202155,6.000000
50.281553,6.000000
50.360762,6.000000
50.440184,6.000000
50.519846,6.000000
50.598973,6.000000
50.678599,6.000000
51.946415,6.000000
52.025217,6.000000
52.104531,6.000000
52.183340,6.000000
52.262653,6.000000
52.341743,6.000000
52.420433,6.000000
52.499435,6.000000
52.578649,6.000000
52.657382,6.000000
52.736325,6.000000
52.815237,6.000000
52.894401,6.000000
52.973266,6.000000
53.052168,6.000000
54.311949,6.000000
54.390288,6.000000
54.468879,6.000000
54.547452,6.000000
54.626231,6.000000
54.704764,6.000000
54.783234,6.000000
54.861765,6.000000
54.940252,6.000000
55.018680,6.000000
55.097141,6.000000
55.175334,6.000000
55.253754,6.000000
55.332461,6.000000
55.410705,6.000000
56.669931,6.000000
56.748543,6.000000
56.827418,6.000000
56.905814,6.000000
56.984406,6.000000
57.063263,6.000000
57.141830,6.000000
57.220150,6.000000
57.298897,6.000000
57.377488,6.000000
57.455715,6.000000
57.534437,6.000000
57.612908,6.000000
57.691136,6.000000
57.769574,6.000000
59.022373,6.000000
59.100542,6.000000
59.178658,6.000000
59.256850,6.000000
59.335302,6.000000
59.413341,6.000000
59.491630,6.000000
59.570226,6.000000
59.648592,6.000000
59.727014,6.000000
59.805483,6.000000
59.883722,6.000000
59.962501,6.000000
60.041026,6.000000
60.119525,6.000000
61.373301,6.000000
61.451285,6.000000
61.529734,6.000000
61.607922,6.000000
61.685842,6.000000
61.764246,6.000000
61.842374,6.000000
61.920250,6.000000
61.998353,6.000000
62.076645,6.000000
62.154723,6.000000
62.232622,6.000000
62.311020,6.000000
62.389214,6.000000
62.467447,6.000000
63.721340,6.000000
63.799648,6.000000
63.877938,6.000000
63.956139,6.000000
64.034378,6.000000
64.112605,6.000000
64.190784,6.000000
64.268995,6.000000
64.347133,6.000000
64.425055,6.000000
64.503416,6.000000
64.581566,6.000000
64.659384,6.000000
64.737473,6.000000
64.815771,6.000000
66.062343,6.000000
66.140413,6.000000
66.218062,6.000000
66.296223,6.000000
66.374207,6.000000
66.452332,6.000000
66.530535,6.000000
66.608945,6.000000
66.687439,6.000000
66.766048,6.000000
66.844973,6.000000
66.923983,6.000000
67.003035,6.000000
67.082780,6.000000
67.162414,6.000000
68.458063,6.000000
68.539463,6.000000
68.621322,6.000000
68.702932,6.000000
68.784498,6.000000
68.866079,6.000000
68.947631,6.000000
69.029174,6.000000
69.110752,6.000000
69.192200,6.000000
69.273438,6.000000
69.354908,6.000000
69.436595,6.000000
69.517779,6.000000
69.599478,6.000000
70.899883,6.000000
70.981018,6.000000
71.062132,6.000000
71.142998,6.000000
71.224295,6.000000
71.305377,6.000000
71.386465,6.000000
71.467472,6.000000
71.548488,6.000000
71.629252,6.000000
71.710545,6.000000
71.791449,6.000000
71.872137,6.000000
71.953318,6.000000
72.034222,6.000000
73.326641,6.000000
73.407020,6.000000
73.487594,6.000000
73.568511,6.000000
73.649017,6.000000
73.729347,6.000000
73.810154,6.000000
73.890768,6.000000
73.970963,6.000000
74.051461,6.000000
74.132262,6.000000
74.212408,6.000000
74.292853,6.000000
74.373537,6.000000
74.453943,6.000000
75.738300,6.000000
75.818435,6.000000
75.898304,6.000000
75.978668,6.000000
76.058765,6.000000
76.138793,6.000000
76.218847,6.000000
76.298635,6.000000
76.378643,6.000000
76.458882,6.000000
76.538620,6.000000
76.618833,6.000000
76.698856,6.000000
76.778458,6.000000
76.858603,6.000000
78.134985,6.000000
78.214649,6.000000
78.293984,6.000000
78.373586,6.000000
78.453394,6.000000
78.532736,6.000000
78.612266,6.000000
78.691816,6.000000
78.771568,6.000000
78.850827,6.000000
78.930546,6.000000
79.010053,6.000000
79.089211,6.000000
79.168906,6.000000
79.248277,6.000000
80.516685,6.000000
80.595849,6.000000
80.674946,6.000000
80.754086,6.000000
80.832871,6.000000
80.912185,6.000000
80.991242,6.000000
81.070314,6.000000
81.149263,6.000000
81.228280,6.000000
81.307284,6.000000
81.386227,6.000000
81.465151,6.000000
81.544109,6.000000
81.623034,6.000000
82.883425,6.000000
82.962064,6.000000
83.040690,6.000000
83.119296,6.000000
83.197888,6.000000
83.276431,6.000000
83.354979,6.000000
83.433515,6.000000
83.512036,6.000000
83.588943,5.999880
83.665153,5.999757
83.741165,5.999657
83.817160,5.999588
83.892854,5.999550
83.968971,5.999544
85.181324,6.003750
85.256943,6.004281
85.332328,6.004842
85.408133,6.005437
85.483723,6.006062
85.559066,6.006717
85.634663,6.007405
85.710422,6.008126
85.785679,6.008874
85.861419,6.009659
85.936899,6.010472
86.012144,6.011314
86.087830,6.012192
86.163278,6.013099
86.238683,6.014036
87.442929,6.033264
87.518108,6.034730
87.593441,6.036230
87.668539,6.037756
87.743422,6.039309
87.818730,6.040903
87.893762,6.042521
87.968801,6.044171
88.043809,6.045851
88.118825,6.047562
88.193926,6.049306
88.268791,6.051076
88.343746,6.052879
88.418451,6.054707
88.493608,6.056577
89.689975,6.090544
89.764703,6.092928
89.839300,6.095339
89.913935,6.097781
89.988501,6.100252
90.063074,6.102754
90.137629,6.105287
90.212186,6.107849
90.286698,6.110442
90.361242,6.113065
90.435658,6.115715
90.510138,6.118398
90.584362,6.121103
90.659026,6.123854
90.733424,6.126625
91.922539,6.175084
91.996766,6.178369
92.071235,6.181694
92.146013,6.185064
92.220561,6.188454
92.294913,6.191867
92.369751,6.195331
92.444339,6.198815
92.518840,6.202325
92.593364,6.205868
92.667862,6.209439
92.742354,6.213042
92.816822,6.216673
92.891277,6.220335
92.965703,6.224026
94.156033,6.287230
94.230908,6.291468
94.305544,6.295723
94.379970,6.299996
94.454812,6.304324
94.529421,6.308670
94.604050,6.313047
94.678378,6.317438
94.753147,6.321886
94.827673,6.326349
94.902346,6.330853
94.976681,6.335367
95.051160,6.339920
95.125659,6.344506
95.200092,6.349118
96.392109,6.427170
96.467015,6.432338
96.541431,6.437502
96.616301,6.442729
96.690921,6.447969
96.765551,6.453241
96.840128,6.458540
96.914718,6.463872
96.989256,6.469230
97.063551,6.474601
97.138323,6.480038
97.212799,6.485485
97.287043,6.490945
97.361564,6.496457
97.436332,6.502018
98.632122,6.595170
98.706561,6.601232
98.781206,6.607341
98.856066,6.613499
98.930452,6.619649
99.005038,6.625847
99.079874,6.632096
99.154202,6.638334
99.229011,6.644644
99.303688,6.650974
99.378329,6.657332
99.453068,6.663729
99.527794,6.670156
99.602309,6.676596
99.677111,6.683092
100.874254,6.791288
100.949130,6.798321
101.024257,6.805409
101.098988,6.812491
101.173939,6.819626
101.249153,6.826816
101.323998,6.834003
101.399300,6.841265
101.474154,6.848515
101.549495,6.855844
101.624556,6.863176
101.699658,6.870544
101.774670,6.877935
101.849689,6.885358
101.924649,6.892807
103.122007,7.016053
103.196674,7.024004
103.271092,7.031961
103.345730,7.039972
103.420572,7.048036
103.494923,7.056079
103.569480,7.064175
103.644288,7.072330
103.718589,7.080460
103.793093,7.088644
103.867838,7.096886
103.942090,7.105104
104.016532,7.113375
104.091211,7.121703
104.165639,7.130034
105.359920,7.267976
105.434304,7.276832
105.508912,7.285747
105.583718,7.294716
105.658045,7.303659
105.732818,7.312688
105.807409,7.321725
105.881659,7.330753
105.956130,7.339839
106.030605,7.348956
106.105338,7.358137
106.179728,7.367306
106.253992,7.376492
106.328495,7.385739
106.403222,7.395045
107.597686,7.548059
107.672499,7.557911
107.747099,7.567766
107.821573,7.577636
107.896079,7.587542
107.970579,7.597478
108.044817,7.607411
108.119268,7.617403
108.193684,7.627422
108.268161,7.637482
108.342887,7.647606
108.417415,7.657735
108.491751,7.667870
108.566357,7.678072
108.641242,7.688345
109.835648,7.856476
109.909935,7.867201
109.984474,7.877994
110.059248,7.888853
110.133878,7.899723
110.208295,7.910593
110.283188,7.921564
110.357903,7.932541
110.432403,7.943518
110.507406,7.954601
110.582197,7.965684
110.656808,7.976773
110.731635,7.987924
110.806663,7.999138
110.881424,8.010343
112.075065,8.193574
112.149428,8.205259
112.223910,8.216994
112.298278,8.228743
112.373061,8.240590
112.447670,8.252440
112.522303,8.264327
112.596991,8.276254
112.671670,8.288211
112.746447,8.300216
112.820942,8.312207
112.895936,8.324311
112.970653,8.336401
113.045362,8.348522
113.120025,8.360668
114.314064,8.559257
114.388833,8.571965
114.463462,8.584681
114.538514,8.597500
114.613302,8.610307
114.687874,8.623109
114.762827,8.636009
114.837569,8.648904
114.912283,8.661827
114.986756,8.674740
115.061640,8.687757
115.136288,8.700764
115.210688,8.713761
115.285518,8.726865
115.360175,8.739971
116.557202,8.954498
116.631966,8.968171
116.706688,8.981869
116.781398,8.995597
116.855914,9.009323
116.930914,9.023169
117.005752,9.037019
117.080585,9.050900
117.155413,9.064812
117.230332,9.078774
117.305256,9.092769
117.380209,9.106802
117.454987,9.120835
117.530241,9.134989
117.605248,9.149130
118.802068,9.379180
118.876980,9.393858
118.951497,9.408490
119.026235,9.423199
119.101310,9.438006
119.176085,9.452787
119.250676,9.467564
119.325556,9.482431
119.400670,9.497378
119.475390,9.512278
119.550655,9.527320
119.625518,9.542314
119.700222,9.557308
119.775113,9.572373
119.850222,9.587515
121.044967,9.832817
121.119704,9.848440
121.193945,9.863992
121.268396,9.879621
121.343071,9.895330
121.417242,9.910965
121.491613,9.926674
121.566299,9.942483
121.640329,9.958186
121.714897,9.974035
121.789220,9.989865
121.863227,10.005660
121.937699,10.021586
122.011928,10.037493
122.086162,10.053434
123.275175,10.313204
123.350601,10.329965
123.425997,10.346753
123.501647,10.363630
123.577146,10.380507
123.653336,10.397573
123.729249,10.414610
123.805586,10.431777
123.882343,10.449072
123.959055,10.466392
124.035610,10.483709
124.112706,10.501184
124.189435,10.518610
124.266476,10.536142
124.343584,10.553725
125.581544,10.840821
125.659101,10.859112
125.736430,10.877384
125.813521,10.895636
125.891140,10.914048
125.968527,10.932441
126.045747,10.950831
126.123215,10.969315
126.200947,10.987897
126.278232,11.006409
126.355773,11.025018
126.433534,11.043716
126.510798,11.062329
126.588256,11.081026
126.665963,11.099818
127.902670,11.403786
127.980026,11.423105
128.057228,11.442422
128.134850,11.461880
128.212276,11.481325
128.289762,11.500821
128.367264,11.520356
128.444633,11.539895
128.522017,11.559473
128.599381,11.579082
128.676728,11.598723
128.754059,11.618397
128.831370,11.638101
128.908629,11.657828
128.985867,11.677586
130.221922,11.998705
130.299278,12.019110
130.376606,12.039543
130.453680,12.059945
130.531177,12.080496
130.608447,12.101024
130.685658,12.121572
130.762889,12.142161
130.840050,12.162769
130.917238,12.183420
130.994341,12.204085
131.071469,12.224792
131.148563,12.245527
131.225623,12.266289
131.302585,12.287061
132.537716,12.625386
132.614849,12.646824
132.691699,12.668220
132.769020,12.689784
132.846053,12.711305
132.922853,12.732797
132.999845,12.754378
133.077041,12.776054
133.153996,12.797699
133.230721,12.819315
133.307847,12.841081
133.384742,12.862819
133.461390,12.884523
133.538561,12.906412
133.615503,12.928274
134.848077,13.283463
134.924715,13.305859
135.001869,13.328443
135.078804,13.351000
135.155533,13.373534
135.232763,13.396251
135.309784,13.418944
135.386600,13.441613
135.463892,13.464460
135.541009,13.487292
135.618126,13.510161
135.695284,13.533080
135.772226,13.555971
135.849602,13.579028
135.926478,13.601973
137.157412,13.974416
137.234577,13.998082
137.311549,14.021725
137.388299,14.045338
137.465341,14.069077
137.542590,14.092918
137.619418,14.116666
137.696682,14.140585
137.773748,14.164481
137.850472,14.188308
137.927696,14.212328
138.004575,14.236278
138.081262,14.260205
138.158164,14.284237
138.235013,14.308290
139.462848,14.697676
139.539658,14.722354
139.616253,14.747000
139.693367,14.771851
139.770206,14.796650
139.846804,14.821409
139.923573,14.846260
140.000570,14.871224
140.077094,14.896071
140.153783,14.921010
140.230705,14.946062
140.307142,14.970994
140.383744,14.996017
140.460607,15.021164
140.537167,15.046249
141.755096,15.450103
141.828641,15.474693
141.902483,15.499452
141.976098,15.524205
142.049402,15.548925
142.123129,15.573860
142.196593,15.598778
142.270022,15.623758
142.343390,15.648789
142.416752,15.673890
142.489824,15.698963
142.563101,15.724180
142.636550,15.749528
142.709516,15.774782
142.782899,15.800252
143.948435,16.214603
144.020920,16.240984
144.093382,16.267429
144.165826,16.293940
144.238245,16.320514
144.310615,16.347142
144.382991,16.373844
144.455228,16.400568
144.527477,16.427367
144.599715,16.454235
144.671890,16.481152
144.744013,16.508122
144.815894,16.535072
144.888176,16.562246
144.960180,16.589387
146.107276,17.031550
146.178648,17.059673
146.249959,17.087844
146.321222,17.116068
146.392506,17.144372
146.463690,17.172709
146.534857,17.201111
146.605987,17.229570
146.677083,17.258088
146.748120,17.286654
146.819111,17.315273
146.890101,17.343964
146.961003,17.372692
147.031909,17.401492
147.102746,17.430338
148.230889,17.899480
148.301042,17.929264
148.371164,17.959106
148.441039,17.988915
148.511073,18.018864
148.581295,18.048965
148.651291,18.079042
148.720991,18.109063
148.791098,18.139331
148.860934,18.169555
148.930751,18.199842
149.000497,18.230170
149.070244,18.260571
149.139683,18.290908
149.209309,18.321400
150.317975,18.816665
150.387134,18.848171
150.455828,18.879538
150.524885,18.911143
150.593701,18.942709
150.662489,18.974334
150.731225,19.006007
150.799911,19.037729
150.868558,19.069505
150.936971,19.101244
151.005751,19.133225
151.074266,19.165155
151.142535,19.197043
151.211190,19.229182
151.279384,19.261177
152.368258,19.781798
152.435938,19.814767
152.503374,19.847690
152.571175,19.880862
152.638734,19.913988
152.706275,19.947177
152.773751,19.980406
152.840963,20.013577
152.908544,20.047001
152.975910,20.080392
153.043204,20.113819
153.110462,20.147299
153.177473,20.180728
153.244862,20.214418
153.311764,20.247936
154.380035,20.792883
154.446616,20.827458
154.512779,20.861890
154.579292,20.896574
154.645551,20.931199
154.711792,20.965886
154.777769,21.000506
154.843906,21.035282
154.910000,21.070108
154.976296,21.105113
155.042409,21.140094
155.108506,21.175139
155.174637,21.210273
155.240758,21.245475
155.306875,21.280746
156.361289,21.853094
156.426842,21.889296
156.492387,21.925567
156.557968,21.961931
156.623494,21.998339
156.689035,22.034827
156.754577,22.071390
156.820188,22.108064
156.885693,22.144753
156.951229,22.181532
157.016838,22.218426
157.082362,22.255346
157.147847,22.292317
157.213296,22.329341
157.278710,22.366419
158.319175,22.966223
158.383824,23.004121
158.448411,23.042056
158.512959,23.080043
158.577453,23.118073
158.641919,23.156160
158.706336,23.194292
158.770692,23.232462
158.835000,23.270678
158.899274,23.308948
158.963497,23.347262
159.027682,23.385627
159.091813,23.424035
159.155904,23.462493
159.219936,23.500989
160.238123,24.123197
160.301546,24.162587
160.364787,24.201938
160.427937,24.241308
160.491022,24.280710
160.554110,24.320190
160.617112,24.359690
160.680082,24.399244
160.742990,24.438834
160.805923,24.478514
160.868733,24.518191
160.931345,24.557817
160.994061,24.597583
161.056956,24.637538
161.119573,24.677390
162.115305,25.321221
162.177150,25.361842
162.238936,25.402500
162.300879,25.443335
162.362571,25.484080
162.424247,25.524889
162.485830,25.565711
162.547406,25.606604
162.608902,25.647518
162.670367,25.688486
162.731789,25.729500
162.792977,25.770432
162.854478,25.811649
162.915748,25.852786
162.976783,25.893839
163.950106,26.558663
164.010343,26.600442
164.070717,26.642390
164.131043,26.684380
164.191476,26.726520
164.251710,26.768596
164.311879,26.810702
164.372009,26.852855
164.431914,26.894927
164.492108,26.937275
164.552101,26.979559
164.612047,27.021884
164.671752,27.064113
164.731596,27.106516
164.791566,27.149083
165.741646,27.833661
165.800651,27.876816
165.859359,27.919830
165.918401,27.963163
165.977218,28.006407
166.035821,28.049568
166.094557,28.092903
166.153229,28.136266
166.211855,28.179671
166.270432,28.223115
166.329158,28.266745
166.387645,28.310274
166.445900,28.353704
166.504280,28.397304
166.562815,28.441095
167.489575,29.144677
167.546908,29.188844
167.604355,29.233174
167.661958,29.277702
167.719134,29.321974
167.776437,29.366421
167.833702,29.410914
167.890919,29.455447
167.948087,29.500017
168.005373,29.544755
168.062445,29.589402
168.119301,29.633956
168.176262,29.678668
168.233384,29.723583
168.290046,29.768212
169.193271,30.489939
169.249478,30.535501
169.305282,30.580812
169.361214,30.626303
169.417089,30.671825
169.473099,30.717533
169.528720,30.763000
169.584451,30.808634
169.640138,30.854308
169.695780,30.900021
169.751357,30.945758
169.807072,30.991684
169.862404,31.037373
169.917841,31.083224
169.973219,31.129102
170.852872,31.868258
170.907411,31.914738
170.961738,31.961114
171.016365,32.007824
171.070754,32.054407
171.124930,32.100885
171.179218,32.147535
171.233713,32.194441
171.287666,32.240956
171.341805,32.287710
171.396079,32.334658
171.449952,32.381336
171.503867,32.428127
171.558070,32.475244
171.611955,32.522164
172.467533,33.277620
172.520393,33.324950
172.573394,33.372482
172.626544,33.420228
172.679360,33.467752
172.732324,33.515486
172.785435,33.563431
172.838223,33.611163
172.891154,33.659102
172.944234,33.707254
172.996988,33.755190
173.049874,33.803323
173.102918,33.851679
173.155682,33.899861
173.208600,33.948261
174.056545,34.734726
174.109147,34.784202
174.161615,34.833633
174.214219,34.883275
174.266970,34.933138
174.319527,34.982901
174.371942,35.032611
174.424662,35.082693
174.477181,35.132665
174.529555,35.182584
174.582216,35.232857
174.634715,35.283060
174.687039,35.333178
174.739503,35.383513
174.791903,35.433868
175.623371,36.244221
175.674723,36.294979
175.726171,36.345914
175.777579,36.396895
175.829077,36.448050
175.880220,36.498935
175.931456,36.549998
175.982796,36.601249
176.033784,36.652233
176.084857,36.703385
176.136041,36.754734
176.186870,36.805810
176.237794,36.857066
176.288659,36.908349
176.339512,36.959704
177.149862,37.789611
177.200119,37.841808
177.250496,37.894217
177.300511,37.946335
177.350624,37.998642
177.400832,38.051135
177.450817,38.103482
177.500621,38.155724
177.550678,38.208319
177.600512,38.260767
177.650142,38.313087
177.700029,38.365764
177.749690,38.418289
177.799177,38.470718
177.848739,38.523311
178.635219,39.369711
178.684093,39.423055
178.732750,39.476247
178.781574,39.529711
178.830536,39.583415
178.879171,39.636848
178.928069,39.690658
178.976729,39.744295
179.025357,39.797986
179.073783,39.851542
179.122430,39.905432
179.170894,39.959209
179.219145,40.012839
179.267643,40.066831
179.315937,40.120687
180.081197,40.986199
180.128396,41.040342
180.175740,41.094740
180.223062,41.149205
180.270503,41.203898
180.317788,41.258502
180.364910,41.313007
180.412159,41.367750
180.459371,41.422541
180.506570,41.477409
180.553880,41.532496
180.601031,41.587492
180.648002,41.642366
180.695182,41.697577
180.742019,41.752478
181.486357,42.637461
181.532640,42.693281
181.578637,42.748848
181.624731,42.804626
181.670812,42.860481
181.716993,42.916553
181.762893,42.972376
181.808918,43.028446
181.854882,43.084535
181.900961,43.140858
181.946687,43.196844
181.992640,43.253203
182.038260,43.309248
182.084093,43.365649
182.129739,43.421916
182.852440,44.325659
182.897145,44.382373
182.941631,44.438907
182.986212,44.495656
183.030866,44.552595
183.075331,44.609389
183.119730,44.666195
183.164103,44.723065
183.208255,44.779747
183.252628,44.836809
183.296810,44.893722
183.340815,44.950504
183.384867,45.007443
183.429019,45.064608
183.472850,45.121455
184.173313,46.043233
184.217560,46.102316
184.261753,46.161430
184.305928,46.220622
184.350353,46.280254
184.395052,46.340358
184.439600,46.400365
184.484561,46.461034
184.529530,46.521822
184.574679,46.582962
184.619986,46.644427
184.665355,46.706087
184.711048,46.768298
184.756968,46.830932
184.803082,46.893945
185.572719,47.962819
185.622941,48.033716
185.673241,48.104867
185.723618,48.176274
185.774349,48.248330
185.825493,48.321121
185.876519,48.393897
185.928081,48.467591
185.979555,48.541314
186.031397,48.615721
186.083447,48.690586
186.135934,48.766240
186.188239,48.841798
186.241114,48.918342
186.293973,48.995032
187.167136,50.286715
187.223111,50.371162
187.279189,50.455972
187.335586,50.541472
187.391929,50.627101
187.448236,50.712886
187.504984,50.799554
187.561648,50.886309
187.618194,50.973098
187.674960,51.060443
187.731982,51.148403
187.788708,51.236130
187.845652,51.324417
187.902858,51.413337
187.959736,51.501976
188.873365,52.957874
188.930146,53.050429
188.986866,53.143135
189.043528,53.236003
189.100091,53.328961
189.156780,53.422383
189.213039,53.515352
189.269373,53.608696
189.325733,53.702342
189.381803,53.795763
189.437586,53.888965
189.493407,53.982488
189.549108,54.076071
189.604684,54.169706
189.660126,54.263376
190.530427,55.769266
190.583933,55.864110
190.636981,55.958414
190.690068,56.053054
190.743188,56.148028
190.795890,56.242525
190.848588,56.337284
190.901215,56.432189
190.953822,56.527332
191.006011,56.621994
191.058394,56.717281
191.110466,56.812276
191.162277,56.907071
191.214269,57.002471
191.265967,57.097607
192.076466,58.626649
192.126087,58.722651
192.175522,58.818576
192.224877,58.914634
192.274095,59.010712
192.323170,59.106798
192.372145,59.202977
192.420992,59.299195
192.469733,59.395492
192.518296,59.491727
192.566762,59.588062
192.615109,59.684450
192.663174,59.780567
192.711409,59.877318
192.759231,59.973532
193.509795,61.523464
193.555640,61.620676
193.601223,61.717635
193.646811,61.814911
193.692407,61.912508
193.737719,62.009808
193.782794,62.106904
193.827892,62.204359
193.872978,62.302095
193.917671,62.399291
193.962517,62.497129
194.007096,62.594695
194.051557,62.692317
194.095892,62.789973
194.140093,62.887648
194.830309,64.455476
194.872380,64.553760
194.914203,64.651792
194.956030,64.750159
194.997848,64.848835
195.039297,64.946969
195.080896,65.045789
195.122183,65.144201
195.163260,65.242442
195.204452,65.341293
195.245386,65.439857
195.286212,65.538498
195.326771,65.636825
195.367471,65.735834
195.407910,65.834543
196.037769,67.417861
196.076095,67.517139
196.114396,67.616709
196.152454,67.716003
196.190392,67.815337
196.228180,67.914638
196.265855,68.013998
196.303290,68.113085
196.340832,68.212812
196.378149,68.312306
196.415204,68.411462
196.452380,68.511302
196.489306,68.610838
196.525994,68.710097
196.562786,68.810003
197.132472,70.406748
197.167131,70.507101
197.201542,70.607120
197.235854,70.707240
197.270026,70.807340
197.304073,70.907466
197.337984,71.007582
197.371680,71.107452
197.405464,71.207980
197.439020,71.308225
197.472322,71.408109
197.505748,71.508760
197.538794,71.608667
197.571942,71.709282
197.604866,71.809621
198.114621,73.417797
198.145322,73.518161
198.175989,73.618837
198.206539,73.719561
198.236973,73.820332
198.267261,73.921051
198.297431,74.021812
198.327592,74.122978
198.357408,74.223423
198.387295,74.324544
198.416899,74.425147
198.446438,74.525970
198.475861,74.626839
198.505168,74.727758
198.534346,74.828676
198.984285,76.445640
199.011348,76.546823
199.038371,76.648339
199.065102,76.749239
199.091792,76.850465
199.118448,76.952046
199.144886,77.053288
199.171131,77.154275
199.197399,77.255842
199.223481,77.357182
199.249345,77.458172
199.275242,77.559788
199.300950,77.661161
199.326447,77.762201
199.351978,77.863880
199.742391,79.487346
199.765750,79.588939
199.788903,79.690184
199.812080,79.792080
199.835061,79.893667
199.857847,79.994945
199.880647,80.096845
199.903263,80.198481
199.925752,80.300112
199.948050,80.401441
199.970358,80.503382
199.992482,80.605060
200.014473,80.706698
200.036360,80.808430
200.058115,80.910133
200.389399,82.537886
200.409065,82.639687
200.428602,82.741461
200.448027,82.843292
200.467262,82.944774
200.486505,83.046952
200.505486,83.148388
200.524475,83.250524
200.543298,83.352435
200.561972,83.454202
200.580533,83.556024
200.598985,83.657918
200.617297,83.759722
200.635493,83.861563
200.653579,83.963473
200.926165,85.593086
200.942221,85.695281
200.958105,85.797163
200.973875,85.899083
200.989466,86.000639
201.005035,86.102834
201.020389,86.204412
201.035717,86.306623
201.050875,86.408512
201.065918,86.510439
201.080842,86.612382
201.095630,86.714217
201.110305,86.816109
201.124857,86.917992
201.139292,87.019891
201.353828,88.649930
201.366210,88.751755
201.378477,88.853621
201.390583,88.955141
201.402644,89.057279
201.414550,89.159119
201.426301,89.260657
201.438003,89.362800
201.449519,89.464366
201.460979,89.566486
201.472288,89.668330
201.483437,89.769798
201.494538,89.871909
201.505486,89.973716
201.516313,90.075509
201.673352,91.703544
201.682129,91.804928
201.690812,91.906592
201.699412,92.008662
201.707828,92.109956
201.716158,92.211622
201.724403,92.315152
201.732496,92.418756
201.740531,92.523066
201.748517,92.627938
201.756378,92.732218
201.764193,92.836861
201.771969,92.941919
201.779621,93.046227
201.787230,93.150875
201.899862,94.824168
201.906310,94.928299
201.912710,95.032720
201.919060,95.137411
201.925325,95.241798
201.931525,95.346194
201.937661,95.450608
201.943725,95.554943
201.949705,95.658952
201.955639,95.763316
201.961522,95.867936
201.967322,95.972245
201.973035,96.076180
201.978718,96.180771
201.984316,96.285002
202.064873,97.951113
202.069330,98.054775
202.073749,98.159059
202.078091,98.263072
202.082364,98.367018
202.086572,98.470953
202.090714,98.574876
202.094790,98.678770
202.098789,98.782346
202.102746,98.886564
202.106628,98.990503
202.110439,99.094278
202.114186,99.198089
202.117869,99.301936
202.121484,99.405691
202.170437,101.063937
202.172950,101.167767
202.175392,101.271352
202.177759,101.374448
202.180070,101.477943
202.182323,101.581734
202.184504,101.685175
202.186612,101.788267
202.188670,101.891990
202.190656,101.995391
202.192577,102.098741
202.194434,102.202113
202.196226,102.305456
202.197948,102.408454
202.199616,102.512085
202.217346,104.164163
202.217781,104.269439
202.218161,104.374742
202.218509,104.480582
202.218834,104.586831
202.219140,104.692737
202.219432,104.798696
202.219710,104.904624
202.219975,105.010552
202.220227,105.116177
202.220469,105.222376
202.220697,105.327893
202.220914,105.434091
202.221119,105.539940
202.221311,105.645735
202.222772,107.336344
202.222762,107.441503
202.222740,107.547310
202.222707,107.652784
202.222662,107.757900
202.222605,107.863325
202.222536,107.969053
202.222455,108.074159
202.222362,108.179824
202.222258,108.285180
202.222142,108.390532
202.222014,108.495529
202.221874,108.600844
202.221722,108.706430
202.221560,108.811382
202.217351,110.493097
202.216987,110.598356
202.216613,110.703336
202.216228,110.807860
202.215829,110.913069
202.215420,111.017964
202.215001,111.122502
202.214567,111.227665
202.214123,111.332459
202.213668,111.436968
202.213200,111.542055
202.212721,111.646844
202.212230,111.751611
202.211728,111.856343
202.211214,111.961042
202.201422,113.633888
202.200712,113.738310
202.199993,113.842349
202.199258,113.947022
202.198514,114.051324
202.197760,114.155385
202.196993,114.259657
202.196214,114.363963
202.195422,114.468548
202.194620,114.572777
202.193807,114.677005
202.192983,114.781229
202.192147,114.885407
202.191300,114.989599
202.190441,115.093763
202.175155,116.757728
202.174106,116.861273
202.173040,116.965384
202.171966,117.069150
202.170880,117.172996
202.169782,117.276801
202.168675,117.380494
202.167559,117.483897
202.166424,117.587946
202.165283,117.691628
202.164129,117.795291
202.162965,117.898959
202.161789,118.002602
202.160606,118.105894
202.159404,118.209808
202.138374,119.891437
202.137201,119.998036
202.136073,120.104266
202.134986,120.210472
202.133940,120.316690
202.132935,120.422897
202.131974,120.528699
202.131049,120.635168
202.130167,120.741345
202.129329,120.847092
202.128526,120.953551
202.127768,121.059572
202.127052,121.165286
202.126373,121.271608
202.125738,121.377343
202.121101,123.071500
202.121156,123.177175
202.121253,123.282875
202.121389,123.388530
202.121566,123.494212
202.121784,123.599843
202.122042,123.705419
202.122340,123.810982
202.122679,123.916576
202.123056,124.021806
202.123477,124.127644
202.123937,124.233146
202.124437,124.338689
202.124977,124.444138
202.125557,124.549596
202.140300,126.234276
202.141562,126.339429
202.142863,126.444543
202.144204,126.549638
202.145585,126.654678
202.147006,126.759772
202.148467,126.864876
202.149966,126.969796
202.151502,127.074529
202.153086,127.179809
202.154700,127.284403
202.156364,127.389676
202.158058,127.494275
202.159796,127.599169
202.161578,127.704336
202.198833,129.423802
202.201938,129.531292
202.205123,129.638367
202.208411,129.745780
202.211803,129.853524
202.215265,129.960554
202.218831,130.067895
202.222500,130.175541
202.226250,130.282843
202.230081,130.389792
202.234028,130.497386
202.238055,130.604612
202.242162,130.711496
202.246385,130.819009
202.250689,130.926190
202.332005,132.637608
202.337863,132.744369
202.343797,132.850818
202.349856,132.957855
202.355990,133.064579
202.362192,133.170891
202.368525,133.277878
202.374909,133.384147
202.381404,133.490746
202.388010,133.597649
202.394686,133.704192
202.401432,133.810389
202.408287,133.916854
202.415257,134.023654
202.422275,134.129793
202.547155,135.829732
202.555723,135.935754
202.564378,136.041717
202.573123,136.147669
202.581958,136.253594
202.590882,136.359498
202.599897,136.465400
202.608995,136.571194
202.618188,136.677032
202.627469,136.782829
202.636837,136.888580
202.646303,136.994403
202.655843,137.100037
202.665481,137.205743
202.675205,137.311386
202.842822,138.998082
202.854051,139.103305
202.865363,139.208452
202.876763,139.313566
202.888253,139.418678
202.899794,139.523428
202.911493,139.628796
202.923205,139.733459
202.935078,139.838751
202.947007,139.943727
202.959021,140.048663
202.971087,140.153260
202.983306,140.258400
202.995585,140.363268
203.007945,140.468060
203.217523,142.140858
203.231318,142.244868
203.245270,142.349380
203.259240,142.453349
203.273330,142.557546
203.287550,142.662032
203.301833,142.766321
203.316125,142.870016
203.330549,142.974024
203.345219,143.079881
203.360019,143.186154
203.374964,143.292670
203.390055,143.399308
203.405289,143.505989
203.420619,143.612357
203.685452,145.314537
203.703171,145.420568
203.721022,145.526522
203.738956,145.632124
203.757136,145.738327
203.775399,145.844169
203.793742,145.949645
203.812276,146.055401
203.831002,146.161425
203.849756,146.266795
203.868693,146.372386
203.887829,146.478285
203.907053,146.583876
203.926394,146.689316
203.945883,146.794782
204.275965,148.475660
204.297671,148.580011
204.319568,148.684594
204.341672,148.789480
204.363843,148.894000
204.386078,148.998148
204.408518,149.102588
204.431163,149.207311
204.453856,149.311590
204.476691,149.415869
204.499658,149.520092
204.522753,149.624246
204.545997,149.728425
204.569352,149.832466
204.592778,149.936181
204.986578,151.593733
205.012378,151.697201
205.038236,151.800320
205.064138,151.903051
205.090243,152.006021
205.116578,152.109329
205.142952,152.212230
205.169369,152.314742
205.196095,152.417897
205.222846,152.520593
205.249650,152.622945
205.276750,152.725882
205.303901,152.828471
205.331092,152.930668
205.358587,153.033471
205.814438,154.665320
205.844039,154.766933
205.873711,154.868300
205.903533,154.969693
205.933490,155.071057
205.963489,155.172079
205.993695,155.273318
206.024108,155.374770
206.054559,155.475872
206.085143,155.576937
206.115756,155.677629
206.146698,155.778930
206.177595,155.879609
206.208735,155.980618
206.240010,156.081597
206.758916,157.693909
206.792537,157.794549
206.826174,157.894805
206.859826,157.994671
206.893807,158.095084
206.927823,158.195174
206.961963,158.295199
206.996196,158.395074
207.030478,158.494669
207.065081,158.594774
207.099591,158.694194
207.134354,158.793923
207.169311,158.893796
207.204205,158.993071
207.239423,159.092857
207.818670,160.678156
207.856043,160.777048
207.893715,160.876344
207.931256,160.974909
207.969147,161.074008
208.007034,161.172713
208.045069,161.271421
208.083208,161.370017
208.121467,161.468540
208.159862,161.567036
208.198375,161.665457
208.236995,161.763772
208.275758,161.862075
208.314549,161.960076
208.353712,162.058642
208.996965,163.626942
209.038221,163.724445
209.079460,163.821554
209.120953,163.918912
209.162692,164.016496
209.204282,164.113378
209.246130,164.210518
209.288236,164.307903
209.330250,164.404730
209.372524,164.501809
209.415064,164.599153
209.457499,164.695914
209.500185,164.792907
209.543032,164.889924
209.586144,164.987197
210.291093,166.531431
210.336318,166.627664
210.381803,166.724125
210.427163,166.819995
210.472799,166.916124
210.518547,167.012168
210.564578,167.108483
210.610424,167.204090
210.656529,167.299916
210.702914,167.396005
210.749094,167.491347
210.795543,167.586929
210.842120,167.682457
210.888814,167.777907
210.935617,167.873265
211.702905,169.393628
211.751937,169.488162
211.801089,169.582627
211.850205,169.676722
211.899592,169.771035
211.949234,169.865533
211.998827,169.959639
212.048567,170.053726
212.098384,170.147661
212.148345,170.241572
212.198434,170.335423
212.248681,170.429276
212.299039,170.523040
212.349400,170.616517
212.400207,170.710529
213.228090,172.202554
213.280667,172.294873
213.333630,172.387587
213.386426,172.479730
213.439627,172.572298
213.492888,172.664692
213.546045,172.756625
213.599463,172.848729
213.653011,172.940780
213.706731,173.032849
213.760544,173.124802
213.814524,173.216765
213.868628,173.308661
213.922922,173.400608
213.977132,173.492137
214.863628,174.951678
214.920034,175.042253
214.976586,175.132800
215.033117,175.223048
215.090102,175.313759
215.147073,175.404185
215.204192,175.494580
215.261428,175.584901
215.318812,175.675191
215.376374,175.765504
215.433755,175.855273
215.491650,175.945584
215.549484,176.035541
215.607233,176.125107
215.665470,176.215168
216.609521,177.639999
216.669627,177.728555
216.729684,177.816790
216.790253,177.905527
216.850743,177.993901
216.911163,178.081924
216.971866,178.170113
217.032866,178.258484
217.093773,178.346472
217.154793,178.434376
217.215911,178.522174
217.277153,178.609906
217.338297,178.697251
217.399914,178.785027
217.461452,178.872446
218.463363,180.262463
218.527045,180.348768
218.590767,180.434889
218.654592,180.520912
218.718575,180.606912
218.782562,180.692680
218.846513,180.778167
218.910779,180.863839
218.975299,180.949616
219.039748,181.035062
219.104099,181.120146
219.168982,181.205698
219.233602,181.290671
219.298738,181.376089
219.363645,181.460974
220.421611,182.813026
220.488845,182.896996
220.555716,182.980289
220.622915,183.063762
220.690417,183.147389
220.757793,183.230633
220.825073,183.313536
220.892868,183.396850
220.960544,183.479795
221.028133,183.562410
221.096199,183.645385
221.164214,183.728075
221.232349,183.810688
221.300630,183.893258
221.369043,183.975765
222.479735,185.285232
222.550000,185.366217
222.620143,185.446847
222.690791,185.527842
222.761375,185.608549
222.831788,185.688845
222.902586,185.769365
222.973744,185.850082
223.044617,185.930261
223.115811,186.010590
223.187368,186.091116
223.258617,186.171083
223.330203,186.251216
223.402159,186.331550
223.474028,186.411573
224.636427,187.677086
224.709619,187.755000
224.783338,187.833268
224.856943,187.911209
224.930394,187.988781
225.004383,188.066716
225.078035,188.144092
225.152003,188.221596
225.226352,188.299295
225.300391,188.376465
225.374392,188.453393
225.448920,188.530665
225.523338,188.607620
225.597582,188.684194
225.672338,188.761093
226.876942,189.972895
226.953204,190.047921
227.029088,190.122378
227.105504,190.197162
227.181570,190.271408
227.257917,190.345734
227.334121,190.419728
227.411895,190.495185
227.490305,190.571081
227.568483,190.646527
227.647390,190.722424
227.726229,190.797994
227.804974,190.873211
227.884082,190.948508
227.963543,191.023873
229.247312,192.205185
229.328530,192.277689
229.409862,192.350036
229.491311,192.422229
229.572857,192.494251
229.654528,192.566125
229.736320,192.637850
229.818211,192.709405
229.900190,192.780782
229.982343,192.852055
230.064538,192.923110
230.146652,192.993840
230.229083,193.064592
230.311636,193.135195
230.394301,193.205641
231.731635,194.311082
231.816368,194.379008
231.900963,194.446578
231.985393,194.513773
232.070158,194.580992
232.155305,194.648269
232.240313,194.715193
232.325170,194.781757
232.410621,194.848543
232.495927,194.914975
232.581066,194.981036
232.666844,195.047352
232.752433,195.113280
232.837893,195.178871
232.923699,195.244488
234.309904,196.272106
234.397646,196.335143
234.484918,196.397610
234.572848,196.460316
234.660590,196.522655
234.748132,196.584622
234.836330,196.646822
234.924088,196.708480
235.012435,196.770323
235.100635,196.831832
235.188964,196.893202
235.277304,196.954350
235.365760,197.015349
235.454316,197.076190
235.542986,197.136881
236.973342,198.085011
237.063220,198.142686
237.153695,198.200522
237.244001,198.258027
237.334095,198.315177
237.424831,198.372513
237.515416,198.429533
237.605743,198.486170
237.696476,198.542843
237.787530,198.599497
237.878392,198.655810
237.969370,198.711976
238.060391,198.767951
238.151517,198.823772
238.242434,198.879247
239.709548,199.745058
239.800885,199.797161
239.892052,199.848958
239.983140,199.900502
240.074000,199.951712
240.164783,200.002672
240.255320,200.053284
240.346473,200.104035
240.437412,200.154462
240.528179,200.204593
240.619527,200.254844
240.710701,200.304797
240.801975,200.354604
240.893225,200.404197
240.984550,200.453631
242.432260,201.210879
242.522428,201.256412
242.612254,201.301587
242.702467,201.346771
242.793061,201.391960
242.883113,201.436693
242.973503,201.481409
243.063984,201.525985
243.154443,201.570365
243.245017,201.614617
243.335928,201.658849
243.426322,201.702645
243.517322,201.746551
243.608104,201.790167
243.698967,201.833638
245.159537,202.507550
245.250984,202.548207
245.342743,202.588824
245.434649,202.629332
245.526086,202.669457
245.617375,202.709338
245.708503,202.748972
245.799442,202.788346
245.890208,202.827470
245.980785,202.866338
246.071247,202.904982
246.161558,202.943389
246.251639,202.981526
246.341733,203.019491
246.431883,203.057307
247.879840,203.641742
247.970692,203.676989
248.061281,203.711968
248.152204,203.746911
248.243144,203.781694
248.334411,203.816436
248.425462,203.850930
248.516524,203.885262
248.607595,203.919433
248.698469,203.953365
248.790992,203.987848
248.884420,204.022505
248.977566,204.056862
249.071418,204.091272
249.165101,204.125408
250.670287,204.645017
250.764743,204.675834
250.859252,204.706460
250.953782,204.736883
251.048367,204.767116
251.142735,204.797072
251.237723,204.827016
251.332390,204.856650
251.427137,204.886102
251.521974,204.915374
251.616779,204.944429
251.711734,204.973323
251.806689,205.002009
251.901521,205.030452
251.996224,205.058650
253.520868,205.484658
253.616456,205.509629
253.712346,205.534476
253.807717,205.558986
253.903357,205.583362
253.999042,205.607548
254.095054,205.631613
254.190507,205.655337
254.286292,205.678941
254.382112,205.702352
254.478247,205.725638
254.574101,205.748654
254.669709,205.771410
254.765872,205.794097
254.861807,205.816529
256.399794,206.148943
256.496400,206.168126
256.592460,206.187004
256.689121,206.205801
256.785470,206.224340
256.881558,206.242632
256.978295,206.260850
257.074807,206.278827
257.171187,206.296583
257.267322,206.314097
257.363797,206.331478
257.460296,206.348666
257.556814,206.365661
257.653287,206.382451
257.750109,206.399106
259.296139,206.638461
259.392566,206.651741
259.489547,206.664904
259.586344,206.677847
259.682696,206.690538
259.779686,206.703120
259.876443,206.715478
259.972894,206.727604
260.069628,206.739574
260.166690,206.751391
260.263457,206.762978
260.360198,206.774370
260.457085,206.785586
260.553707,206.796580
260.650184,206.807365
262.185343,206.953039
262.279643,206.960491
262.374250,206.967820
262.468225,206.974953
262.562510,206.981964
262.657063,206.988848
262.751033,206.995544
262.845291,207.002114
262.939823,207.008556
263.033773,207.014813
263.127991,207.020942
263.222520,207.026945
263.316728,207.032781
263.410620,207.038452
263.505106,207.044013
265.010544,207.112860
265.104538,207.115927
265.198218,207.118840
265.292439,207.121624
265.386439,207.124258
265.480037,207.126736
265.573920,207.129078
265.668135,207.131284
265.761705,207.133331
265.855569,207.135240
265.949714,207.137010
266.043252,207.138625
266.135544,207.139981
266.227560,207.141187
266.319055,207.142270
267.778427,207.145485
267.869196,207.144817
267.960504,207.144042
268.051538,207.143167
268.142267,207.142194
268.232001,207.141030
268.320899,207.139772
268.409275,207.138445
268.498053,207.137044
268.586598,207.135582
268.674770,207.134062
268.763517,207.132468
268.851920,207.130818
268.940051,207.129108
269.028711,207.127326
270.439961,207.090353
270.528285,207.087501
270.616310,207.084596
270.704065,207.081637
270.792329,207.078598
270.880345,207.075504
270.967982,207.072361
271.056194,207.069134
271.144116,207.065855
271.231735,207.062524
271.319868,207.059112
271.407723,207.055647
271.495288,207.052131
271.581862,207.048490
271.667582,207.044817
273.031514,206.982479
273.116330,206.978376
273.201637,206.974224
273.286692,206.970058
273.371707,206.965867
273.456457,206.961662
273.541680,206.957408
273.626667,206.953139
273.709825,206.948830
273.792944,206.944490
273.875601,206.940169
273.957880,206.935871
274.040636,206.931555
274.122850,206.927273
274.205303,206.922987
275.522260,206.855514
275.604456,206.851364
275.686608,206.847225
275.768736,206.843093
275.851097,206.838958
275.933208,206.834842
276.015306,206.830734
276.097378,206.826634
276.179175,206.822556
276.261463,206.818460
276.343235,206.814397
276.425518,206.810316
276.507510,206.806257
276.589214,206.802219
276.671163,206.798177
277.958191,206.735492
278.037506,206.731848
278.116567,206.728253
278.196165,206.724673
278.275367,206.721149
278.354404,206.717671
278.433618,206.714223
278.512854,206.710812
278.592073,206.707440
278.671278,206.704107
278.750468,206.700813
278.829897,206.697547
278.908810,206.694341
278.987947,206.691164
279.067320,206.688015
280.331424,206.643046
280.410055,206.640570
280.488904,206.638125
280.568004,206.635711
280.646847,206.633342
280.725662,206.631012
280.804451,206.628720
280.883018,206.626473
280.961765,206.624258
281.040788,206.622073
281.119510,206.619935
281.198005,206.617840
281.277009,206.615769
281.355646,206.613746
281.434082,206.611766
282.685110,206.584907
282.761466,206.583524
282.837559,206.582211
282.913353,206.580969
282.989383,206.579789
283.065629,206.578672
283.141411,206.577627
283.217645,206.576642
283.293608,206.575726
283.369330,206.574879
283.445530,206.574092
283.521468,206.573374
283.597348,206.572722
283.673232,206.572136
283.749103,206.571615
284.961101,206.572195
285.036721,206.572786
285.112062,206.573440
285.187931,206.574164
285.263450,206.574949
285.338771,206.575798
285.414288,206.576713
285.490038,206.577697
285.565317,206.578739
285.640786,206.579849
285.716507,206.581028
285.791737,206.582264
285.867137,206.583567
285.942553,206.584936
286.018228,206.586374
287.186305,206.617882
287.258860,206.620603
287.331604,206.623422
287.404569,206.626340
287.477069,206.629330
287.549777,206.632418
287.622668,206.635605
287.695130,206.638864
287.767977,206.642230
287.840617,206.645677
287.913207,206.649213
287.985796,206.652838
288.058347,206.656551
288.130908,206.660356
288.203433,206.664248
289.361050,206.738591
289.433214,206.743988
289.505378,206.749474
289.577488,206.755046
289.649596,206.760707
289.721698,206.766457
289.793550,206.772277
289.865813,206.778219
289.937826,206.784230
290.009827,206.790330
290.081786,206.796515
290.153737,206.802790
290.225432,206.809130
290.297564,206.815599
290.369413,206.822132
291.516286,206.938506
291.587566,206.946492
291.659205,206.954607
291.730633,206.962787
291.802025,206.971052
291.873398,206.979403
291.944736,206.987839
292.016072,206.996363
292.087368,207.004972
292.158430,207.013640
292.229867,207.022442
292.300889,207.031282
292.372091,207.040233
292.443453,207.049293
292.514381,207.058386
293.648989,207.215832
293.719685,207.226391
293.790539,207.237063
293.860967,207.247758
293.931771,207.258599
294.002334,207.269491
294.072864,207.280466
294.143382,207.291527
294.213864,207.302670
294.284330,207.313899
294.354746,207.325208
294.425156,207.336603
294.495524,207.348080
294.565868,207.359641
294.636174,207.371283
295.758021,207.568990
295.828412,207.582146
295.898569,207.595347
295.968764,207.608643
296.038989,207.622033
296.109033,207.635477
296.179210,207.649034
296.249592,207.662719
296.319722,207.676443
296.389838,207.690254
296.459905,207.704144
296.529944,207.718117
296.599760,207.732134
296.669931,207.746311
296.739868,207.760530
297.854535,207.999173
297.923757,208.014743
297.993295,208.030473
298.062606,208.046239
298.131893,208.062089
298.201169,208.078025
298.270151,208.093981
298.339352,208.110076
298.408750,208.126305
298.477807,208.142543
298.546875,208.158873
298.615929,208.175287
298.684928,208.191776
298.753923,208.208353
298.822866,208.225006
299.936955,208.506427
300.008119,208.525190
300.079534,208.544113
300.151265,208.563217
300.223304,208.582499
300.295647,208.601958
300.368353,208.621615
300.441403,208.641462
300.515035,208.661568
300.588575,208.681749
300.662660,208.702181
300.737369,208.722887
300.812175,208.743724
300.887113,208.764703
300.962844,208.786008
302.204572,209.150636
302.283758,209.174878
302.362854,209.199213
302.442321,209.223784
302.522194,209.248602
302.601729,209.273437
302.681510,209.298469
302.761613,209.323725
302.841263,209.348962
302.921193,209.374411
303.001418,209.400080
303.081231,209.425741
303.161281,209.451604
303.241643,209.477695
303.321566,209.503768
304.598490,209.937502
304.677830,209.965532
304.756876,209.993586
304.836323,210.021909
304.915250,210.050175
304.994590,210.078716
305.073646,210.107282
305.152399,210.135867
305.231324,210.164641
305.310470,210.193624
305.389055,210.222529
305.468039,210.251708
305.546528,210.280832
305.625199,210.310151
305.703784,210.339566
306.953567,210.824687
307.031454,210.856009
307.109002,210.887324
307.186501,210.918748
307.263919,210.950266
307.341094,210.981813
307.418400,211.013542
307.495895,211.045477
307.573087,211.077416
307.650005,211.109369
307.727047,211.141502
307.804363,211.173878
307.881039,211.206114
307.958175,211.238672
308.035000,211.271228
309.256008,211.806070
309.331568,211.840257
309.407287,211.874645
309.483166,211.909235
309.558759,211.943824
309.634078,211.978416
309.709761,212.013305
309.785157,212.048191
309.860280,212.083079
309.935768,212.118267
310.010981,212.153456
310.085911,212.188641
310.160997,212.224029
310.236236,212.259618
310.310966,212.295096
311.501364,212.877791
311.575441,212.915157
311.648992,212.952388
311.722697,212.989826
311.796339,213.027363
311.869901,213.064989
311.943628,213.102830
312.016847,213.140541
312.090215,213.178459
312.163519,213.216474
312.236988,213.254705
312.310158,213.292913
312.383306,213.331240
312.456223,213.369578
312.529327,213.408145
313.693672,214.040257
313.766132,214.080723
313.838074,214.121032
313.910384,214.161681
313.982185,214.202177
314.054135,214.242890
314.126000,214.283689
314.198034,214.324717
314.269773,214.365711
314.341214,214.406668
314.412818,214.447852
314.484347,214.489126
314.555795,214.530488
314.627390,214.572068
314.698476,214.613488
315.829526,215.290665
315.899592,215.333756
315.969587,215.376939
316.039727,215.420346
316.109358,215.463573
316.179135,215.507026
316.249020,215.550681
316.318677,215.594330
316.388204,215.638033
316.457673,215.681835
316.526881,215.725607
316.596412,215.769720
316.665679,215.813801
316.734843,215.857952
316.803734,215.902064
317.899076,216.621855
317.967077,216.667703
318.034816,216.713511
318.102278,216.759269
318.169855,216.805242
318.237556,216.851437
318.304786,216.897448
318.372342,216.943820
318.439608,216.990131
318.506602,217.036391
318.573924,217.083016
318.640982,217.129597
318.707924,217.176234
318.774639,217.222851
318.841598,217.269777
319.899853,218.030154
319.965124,218.078227
320.030561,218.126564
320.095977,218.175026
320.161316,218.223571
320.226866,218.272413
320.292110,218.321167
320.357367,218.370073
320.422370,218.418928
320.487535,218.468046
320.552850,218.517418
320.617742,218.566613
320.682931,218.616172
320.747862,218.665678
320.812674,218.715235
321.838876,219.519222
321.902118,219.569983
321.965657,219.621127
322.028929,219.672200
322.091923,219.723192
322.155223,219.774578
322.218244,219.825882
322.281024,219.877133
322.343880,219.928592
322.406836,219.980278
322.469329,220.031728
322.531965,220.083441
322.594666,220.135354
322.657112,220.187202
322.719264,220.238950
323.708296,221.082299
323.769878,221.136070
323.831442,221.189974
323.892814,221.243862
323.954366,221.298058
324.016016,221.352488
324.077383,221.406819
324.138473,221.461057
324.199870,221.515720
324.261004,221.570301
324.321985,221.624899
324.382908,221.679598
324.443759,221.734386
324.504327,221.789071
324.565145,221.844136
325.523765,222.732903
325.582913,222.789054
325.641963,222.845268
325.700767,222.901404
325.759641,222.957762
325.818637,223.014394
325.877341,223.070902
325.935954,223.127480
325.994320,223.183975
326.052925,223.240859
326.111285,223.297662
326.169351,223.354337
326.227521,223.411269
326.285600,223.468271
326.343573,223.525326
327.259271,224.447943
327.315710,224.506159
327.372042,224.564427
327.428328,224.622807
327.484329,224.681053
327.540579,224.739718
327.596570,224.798275
327.652481,224.856910
327.708270,224.915579
327.764007,224.974355
327.819632,225.033176
327.875154,225.092049
327.930576,225.150978
327.985927,225.209994
328.041012,225.268890
328.912694,226.222948
328.966389,226.283114
329.019805,226.343132
329.073459,226.403584
329.126698,226.463735
329.180029,226.524156
329.233382,226.584769
329.286508,226.645291
329.339538,226.705872
329.392511,226.766554
329.445312,226.827207
329.498069,226.887977
329.550724,226.948797
329.603283,227.009676
329.655592,227.070432
330.482521,228.053759
330.533371,228.115671
330.584156,228.177678
330.634809,228.239694
330.685252,228.301626
330.735887,228.363966
330.786293,228.426198
330.836445,228.488289
330.886804,228.550810
330.936917,228.613199
330.986939,228.675650
331.036889,228.738185
331.086692,228.800710
331.136427,228.863323
331.185917,228.925803
331.967228,229.935927
332.015391,229.999703
332.063326,230.063356
332.111148,230.127039
332.158735,230.190589
332.206504,230.254561
332.254055,230.318422
332.301499,230.382320
332.348858,230.446284
332.395970,230.510095
332.443266,230.574337
332.490322,230.638435
332.537287,230.702590
332.584143,230.766779
332.630788,230.830860
333.366202,231.865940
333.411339,231.931040
333.456242,231.995989
333.501313,232.061367
333.546219,232.126696
333.590777,232.191706
333.635420,232.257028
333.680110,232.322608
333.724431,232.387836
333.768787,232.453305
333.813200,232.519048
333.857221,232.584400
333.901287,232.650009
333.945405,232.715886
333.989274,232.781583
334.678061,233.839033
334.720290,233.905511
334.762278,233.971805
334.804444,234.038577
334.846241,234.104964
334.888206,234.171815
334.929951,234.238513
334.971448,234.305015
335.012986,234.371779
335.054428,234.438588
335.095775,234.505444
335.137144,234.572536
335.178289,234.639465
335.219217,234.706242
335.260179,234.773274
335.902250,235.851305
335.941541,235.919008
335.980737,235.986757
336.019723,236.054353
336.058708,236.122151
336.097721,236.190210
336.136401,236.257897
336.175228,236.326050
336.213837,236.394032
336.252217,236.461821
336.290618,236.529857
336.329063,236.598182
336.367255,236.666273
336.405376,236.734447
336.443414,236.802686
337.038248,237.898694
337.074476,237.967281
337.110825,238.036316
337.146982,238.105208
337.183035,238.174126
337.218866,238.242838
337.254830,238.312029
337.290575,238.381024
337.326122,238.449856
337.361672,238.518921
337.397246,238.588255
337.432494,238.657179
337.467857,238.726553
337.503022,238.795768
337.537975,238.864789
338.085686,239.977129
338.118974,240.046689
338.152356,240.116684
338.185552,240.186526
338.218542,240.256171
338.251629,240.326259
338.284427,240.395972
338.317217,240.465907
338.350020,240.536109
338.382615,240.606105
338.415113,240.676134
338.447517,240.746204
338.479727,240.816094
338.512025,240.886418
338.544133,240.956569
339.044316,242.082428
339.074855,242.153287
339.105072,242.223652
339.135397,242.294524
339.165530,242.365204
339.195473,242.435694
339.225411,242.506427
339.255339,242.577396
339.284993,242.647974
339.314721,242.718986
339.344180,242.789615
339.373706,242.860668
339.403053,242.931550
339.432308,243.002473
339.461362,243.073169
339.914427,244.211330
339.941898,244.282633
339.969271,244.353955
339.996552,244.425317
340.023649,244.496473
340.050813,244.568086
340.077791,244.639489
340.104599,244.710723
340.131464,244.782389
340.158152,244.853865
340.184746,244.925375
340.211254,244.996939
340.237638,245.068451
340.263922,245.139979
340.290039,245.211339
340.695907,246.359325
340.720440,246.431230
340.744870,246.503133
340.769227,246.575130
340.793431,246.646981
340.817565,246.718931
340.841535,246.790698
340.865547,246.862901
340.889389,246.934905
340.913073,247.006744
340.936800,247.079024
340.960332,247.151029
340.983790,247.223117
341.007135,247.295177
341.030318,247.367053
341.389187,248.522865
341.410783,248.595209
341.432286,248.667581
341.453693,248.739972
341.474920,248.812091
341.496127,248.884490
341.517301,248.957119
341.538312,249.029537
341.559227,249.101969
341.580041,249.174406
341.600757,249.246848
341.621327,249.319130
341.641853,249.391612
341.662338,249.464304
341.682670,249.536813
341.994747,250.698232
342.013429,250.770907
342.032009,250.843573
342.050501,250.916279
342.068837,250.988760
342.087184,251.061674
342.105385,251.134401
342.123431,251.206904
342.141490,251.279855
342.159399,251.352599
342.177155,251.425123
342.194928,251.498115
342.212549,251.570888
342.230013,251.643421
342.247437,251.716191
342.513223,252.881826
342.528974,252.954523
342.544671,253.027422
342.560263,253.100281
342.575815,253.173407
342.591225,253.246322
342.606487,253.318997
342.621710,253.391940
342.636873,253.465060
342.651851,253.537756
342.666823,253.610887
342.681661,253.683842
342.696351,253.756537
342.711039,253.829697
342.725587,253.902644
342.945533,255.071614
342.958650,255.146406
342.971805,255.221859
342.984861,255.297158
342.997845,255.372436
343.010727,255.447515
343.023619,255.523044
343.036406,255.598354
343.049082,255.673409
343.061774,255.748956
343.074355,255.824241
343.086830,255.899296
343.099312,255.974802
343.111697,256.050121
343.123962,256.125122
343.311693,257.328771
343.322852,257.403954
343.333946,257.479148
343.344972,257.554335
343.355927,257.629487
343.366847,257.704858
343.377670,257.780014
343.388425,257.855163
343.399081,257.930085
343.409733,258.005444
343.420285,258.080561
343.430769,258.155675
343.441159,258.230577
343.451512,258.305696
343.461825,258.381000
343.617288,259.581656
343.626437,259.656632
343.635529,259.731679
343.644557,259.806740
343.653530,259.881888
343.662407,259.956789
343.671257,260.032002
343.680072,260.107486
343.688797,260.182756
343.697464,260.258093
343.706068,260.333464
343.714613,260.408890
343.723095,260.484331
343.731505,260.559713
343.739849,260.635102
343.864475,261.842132
343.871710,261.917621
343.878902,261.993356
343.886055,262.069357
343.893093,262.144843
343.900087,262.220572
343.907034,262.296505
343.913875,262.371993
343.920667,262.447674
343.927415,262.523605
343.934075,262.599292
343.940646,262.674721
343.947192,262.750605
343.953651,262.826261
343.960023,262.901657
344.053252,264.110581
344.058541,264.186444
344.063751,264.262099
344.068897,264.337795
344.073980,264.413512
344.079000,264.489281
344.083944,264.564887
344.088853,264.640963
344.093684,264.716857
344.098438,264.792551
344.103151,264.868640
344.107788,264.944565
344.112351,265.020368
344.116852,265.096231
344.121283,265.172036
344.183268,266.385564
344.186595,266.461678
344.189846,266.537573
344.193053,266.613936
344.196173,266.689803
344.199245,266.766119
344.202242,266.842204
344.205171,266.918264
344.208026,266.994087
344.210822,267.070109
344.213553,267.146136
344.216225,267.222395
344.218815,267.298174
344.221354,267.374391
344.223819,267.450362
344.254276,268.665108
344.255624,268.741230
344.256907,268.817367
344.258125,268.893560
344.259277,268.969773
344.260364,269.045962
344.261384,269.122137
344.262336,269.198083
344.263227,269.274446
344.264049,269.350596
344.264805,269.426717
344.265495,269.502832
344.266118,269.578935
344.266675,269.654992
344.267167,269.731048
344.266044,270.950682
344.265409,271.027264
344.264711,271.103540
344.263947,271.179824
344.263116,271.256084
344.262219,271.332340
344.261257,271.408546
344.260227,271.484791
344.259133,271.560981
344.257972,271.637180
344.256748,271.713130
344.255453,271.789482
344.254092,271.865678
344.252665,271.941904
344.251171,272.018147
344.218196,273.240698
344.215573,273.317016
344.212885,273.393292
344.210128,273.469619
344.207308,273.545883
344.204422,273.622125
344.201479,273.698123
344.198451,273.774603
344.195366,273.850822
344.192220,273.926945
344.189005,274.003117
344.185725,274.079245
344.182379,274.155383
344.178968,274.231487
344.175503,274.307330
344.110964,275.523233
344.106345,275.599619
344.101674,275.675759
344.096948,275.751714
344.092139,275.827947
344.087251,275.904390
344.082314,275.980566
344.077311,276.056724
344.072244,276.132863
344.067107,276.209037
344.061928,276.284855
344.056648,276.361179
344.051320,276.437231
344.045926,276.513280
344.040485,276.589061
343.944268,277.803607
343.937684,277.879600
343.931052,277.955364
343.924308,278.031660
343.917518,278.107723
343.910679,278.183597
343.903735,278.259900
343.896747,278.335950
343.889694,278.411985
343.882598,278.487773
343.875394,278.563996
343.868149,278.639953
343.860835,278.715929
343.853460,278.791845
343.846020,278.867745
343.717941,280.081843
343.709352,280.157885
343.700699,280.233903
343.691981,280.309903
343.683197,280.385892
343.674353,280.461826
343.665415,280.537982
343.656441,280.613874
343.647400,280.689768
343.638299,280.765608
343.629160,280.841202
343.619898,280.917258
343.610605,280.993024
343.601243,281.068799
343.591852,281.144281
343.432422,282.352757
343.421886,282.428322
343.411351,282.503389
343.400721,282.578671
343.390031,282.653907
343.379243,282.729354
343.368456,282.804341
343.357543,282.879731
343.346599,282.954883
343.335622,283.029802
343.324557,283.104871
343.313382,283.180227
343.302173,283.255368
343.290921,283.330350
343.279517,283.405890
343.084968,284.632425
343.071847,284.711345
343.058626,284.790421
343.045188,284.870361
343.031653,284.950432
343.017964,285.030970
343.004127,285.111925
342.990141,285.193314
342.975989,285.275207
342.961671,285.357613
342.947200,285.440446
342.932558,285.523798
342.917750,285.607634
342.902765,285.692010
342.887636,285.776733
342.621215,287.199336
342.602981,287.292344
342.584554,287.385818
342.565928,287.479779
342.547163,287.573929
342.528089,287.669102
342.508867,287.764486
342.489441,287.860349
342.469812,287.956687
342.449974,288.053511
342.429937,288.150777
342.409683,288.248550
342.389226,288.346764
342.368608,288.445207
342.347726,288.544366
341.983094,290.195455
341.958325,290.302598
341.933312,290.410206
341.908054,290.518280
341.882546,290.626826
341.856803,290.735776
341.830800,290.845229
341.804633,290.954776
341.778044,291.065482
341.751282,291.176306
341.724346,291.287243
341.696981,291.399340
341.669439,291.511549
341.641634,291.624213
341.613568,291.737321
341.128324,293.603946
341.095870,293.723296
341.062985,293.843600
341.029957,293.963786
340.996689,294.084200
340.963277,294.204498
340.929407,294.325801
340.895515,294.446537
340.861247,294.567971
340.826759,294.689539
340.791893,294.811794
340.756988,294.933544
340.721658,295.056140
340.686233,295.178422
340.650668,295.300552
340.050337,297.273254
340.011074,297.396884
339.971519,297.520821
339.932027,297.643952
339.892256,297.767343
339.852187,297.891050
339.812061,298.014323
339.771908,298.137076
339.731326,298.260543
339.690812,298.383202
339.650005,298.506153
339.608904,298.629396
339.567759,298.752181
339.526437,298.874904
339.484964,298.997489
338.798313,300.948107
338.753945,301.069384
338.709419,301.190554
338.664594,301.311997
338.619869,301.432634
338.574714,301.553897
338.529529,301.674707
338.484298,301.795113
338.438647,301.916111
338.392960,302.036677
338.347093,302.157195
338.301077,302.277581
338.255020,302.397562
338.208529,302.518154
338.162026,302.638264
337.395093,304.549537
337.345823,304.668118
337.296194,304.787083
337.246271,304.906273
337.196462,305.024713
337.146320,305.143471
337.095830,305.262576
337.045501,305.380831
336.994724,305.499667
336.943935,305.618061
336.892953,305.736435
336.841833,305.854662
336.790688,305.972480
336.739066,306.090936
336.687649,306.208458
335.840184,308.082978
335.785695,308.199693
335.731362,308.315641
335.676741,308.431770
335.621792,308.548165
335.566856,308.664103
335.511906,308.779640
335.456485,308.895742
335.401058,309.011430
335.345649,309.126656
335.289734,309.242512
335.233868,309.357842
335.177812,309.473146
335.121778,309.587986
335.065244,309.703433
334.135987,311.543847
334.075803,311.659530
334.015492,311.775050
333.954514,311.891440
333.893419,312.007644
333.832172,312.123731
333.770223,312.240739
333.708300,312.357287
333.645850,312.474419
333.583052,312.591792
333.519687,312.709812
333.456297,312.827465
333.392375,312.945692
333.327808,313.064695
333.263074,313.183588
332.169373,315.132583
332.097294,315.257264
332.024763,315.382282
331.951598,315.507940
331.878410,315.633188
331.804544,315.759146
331.730010,315.885788
331.655464,316.011994
331.580239,316.138893
331.504325,316.266492
331.428408,316.393637
331.351804,316.521469
331.274719,316.649638
331.197162,316.778127
331.119189,316.906836
329.809026,319.002696
329.723505,319.135320
329.637558,319.268111
329.551231,319.400997
329.464603,319.533848
329.377554,319.666850
329.290360,319.799577
329.202527,319.932780
329.114040,320.066475
329.025680,320.199479
328.936675,320.332955
328.847042,320.466873
328.757639,320.599952
328.667360,320.733833
328.577033,320.867285
327.088779,322.996995
326.993447,323.129165
326.897822,323.261247
326.802022,323.393081
326.705993,323.524737
326.610028,323.655816
326.513246,323.787522
326.416590,323.918565
326.319937,324.049118
326.222841,324.179784
326.125158,324.310752
326.027882,324.440691
325.930153,324.570753
325.831828,324.701127
325.733930,324.830452
324.102044,326.921527
323.997862,327.052136
323.893201,327.183080
323.789144,327.313004
323.684284,327.443668
323.579946,327.573418
323.474904,327.703785
323.370354,327.833281
323.265054,327.963447
323.159970,328.093085
323.055092,328.222212
322.949464,328.352004
322.844017,328.481316
322.738797,328.610093
322.632869,328.739481
320.928198,330.786889
320.820381,330.914229
320.713123,331.040657
320.605102,331.167736
320.497302,331.294305
320.389712,331.420378
320.281697,331.546702
320.173263,331.673266
320.065363,331.798960
319.957027,331.924915
319.848603,332.050724
319.739673,332.176874
319.631393,332.302025
319.522614,332.427506
319.413786,332.552797
317.657404,334.541568
317.546992,334.664532
317.436158,334.787726
317.324733,334.911336
317.213953,335.033992
317.102670,335.156966
316.990873,335.280268
316.879661,335.402686
316.767999,335.525361
316.655806,335.648382
316.543893,335.770857
316.432208,335.892846
316.319743,336.015449
316.207558,336.137507
316.095624,336.259058
314.284977,338.193103
314.170650,338.313226
314.056903,338.432507
313.942322,338.552432
313.828045,338.671807
313.713645,338.791079
313.599139,338.910231
313.484531,339.029260
313.369862,339.148121
313.255412,339.266527
313.140516,339.385165
313.025195,339.504012
312.910462,339.622025
312.795268,339.740284
312.679653,339.858746
310.816343,341.736816
310.698172,341.853988
310.579981,341.970952
310.461164,342.088310
310.341580,342.206198
310.222503,342.323358
310.102713,342.440992
309.982446,342.558866
309.861950,342.676736
309.741063,342.794759
309.619351,342.913356
309.497981,343.031389
309.375885,343.149898
309.252925,343.269013
309.129905,343.387952
307.095016,345.322326
306.963645,345.445113
306.831738,345.568151
306.699355,345.691380
306.566874,345.814450
306.433534,345.938065
306.299398,346.062163
306.165229,346.186036
306.030639,346.310041
305.895625,346.434179
305.760044,346.558578
305.624324,346.682845
305.488010,346.807397
305.351641,346.931736
305.214534,347.056488
302.972905,349.059450
302.830618,349.184289
302.687554,349.309537
302.544195,349.434769
302.400079,349.560388
302.256068,349.685639
302.111774,349.810863
301.967070,349.936167
301.822165,350.061371
301.677298,350.186266
301.531720,350.311499
301.385497,350.437012
301.239849,350.561755
301.093030,350.687225
300.946580,350.812102
298.574113,352.797079
298.424441,352.919937
298.274678,353.042593
298.124838,353.165035
297.974933,353.287254
297.824810,353.409372
297.674597,353.531288
297.524296,353.652999
297.374332,353.774162
297.223793,353.895515
297.072718,354.017023
296.922427,354.137626
296.771528,354.258442
296.620086,354.379418
296.469458,354.499469
294.033502,356.403672
293.879786,356.521519
293.725777,356.639320
293.571597,356.756982
293.417409,356.874382
293.262480,356.992076
293.108129,357.109060
292.953979,357.225623
292.799345,357.342285
292.644095,357.459140
292.489222,357.575442
292.334200,357.691587
292.179557,357.807181
292.024372,357.922911
291.868609,358.038804
289.370072,359.861436
289.212614,359.974039
289.055415,360.086193
288.898142,360.198137
288.740802,360.309866
288.583817,360.421082
288.426274,360.532431
288.268587,360.643621
288.110872,360.754570
287.952975,360.865385
287.795044,360.975963
287.637010,361.086353
287.478848,361.196572
287.320607,361.306586
287.162264,361.416412
284.615117,363.147870
284.455545,363.254162
284.294849,363.360947
284.134484,363.467257
283.974492,363.573065
283.813433,363.679324
283.652665,363.785137
283.492212,363.890489
283.331257,363.995917
283.170049,364.101257
283.008291,364.206703
282.847418,364.311319
282.685547,364.416330
282.523877,364.520958
282.362852,364.624915
279.764791,366.267927
279.601100,366.369308
279.437955,366.470101
279.275134,366.570447
279.111280,366.671181
278.948275,366.771145
278.784693,366.871215
278.620554,366.971378
278.456883,367.071008
278.293565,367.170176
278.129667,367.269451
277.965199,367.368823
277.801140,367.467701
277.637458,367.566107
277.472796,367.664855
274.828795,369.217011
274.662123,369.312774
274.495473,369.408281
274.328531,369.503713
274.161631,369.598879
273.995107,369.693588
273.827505,369.788666
273.660334,369.883257
273.493583,369.977368
273.325721,370.071863
273.158303,370.165864
272.991290,370.259396
272.823212,370.353282
272.655584,370.446674
272.487838,370.539889
269.793898,372.004059
269.624875,372.093885
269.455786,372.183508
269.286609,372.272939
269.117378,372.362160
268.948621,372.450895
268.778705,372.540002
268.609278,372.628613
268.439776,372.717028
268.270178,372.805255
268.100537,372.893268
267.930780,372.981105
267.761009,373.068712
267.591626,373.155885
267.421739,373.243081
264.692758,374.611758
264.521672,374.695576
264.350501,374.779204
264.179761,374.862388
264.007863,374.945906
263.837124,375.028628
263.665119,375.111732
263.493654,375.194343
263.322096,375.276767
263.150993,375.358743
262.978824,375.440998
262.807029,375.522843
262.635768,375.604204
262.463396,375.685863
262.291448,375.767090
259.532076,377.039385
259.359596,377.116978
259.186080,377.194810
259.012880,377.272273
258.839779,377.349465
258.667141,377.426226
258.493354,377.503270
258.319890,377.579945
258.147157,377.656071
257.973186,377.732518
257.799683,377.808533
257.626657,377.884113
257.452515,377.959956
257.278818,378.035380
257.105193,378.110547
254.318830,379.286370
254.143705,379.358370
253.969045,379.429957
253.794792,379.501156
253.620033,379.572341
253.445170,379.643347
253.269789,379.714342
253.094774,379.784966
252.920352,379.855131
252.744799,379.925530
252.570243,379.995308
252.395096,380.065104
252.219406,380.134894
252.044641,380.204097
251.869414,380.273264
249.057910,381.353200
248.881780,381.418998
248.706226,381.484364
248.529533,381.549937
248.353320,381.615115
248.177614,381.679889
248.000788,381.744859
247.824402,381.809450
247.648028,381.873821
247.472120,381.937806
247.295117,382.001973
247.118623,382.065739
246.942617,382.129113
246.765458,382.192688
246.587027,382.256348
243.670359,383.278445
243.488105,383.342041
243.304758,383.406018
243.122129,383.469741
242.939985,383.533295
242.756788,383.597216
242.574084,383.660964
242.392083,383.724466
242.208955,383.788362
242.026386,383.852062
241.843853,383.915750
241.661456,383.979390
241.478952,384.043067
241.296489,384.106731
241.114039,384.170389
238.199636,385.187254
238.017079,385.250950
237.835122,385.314437
237.653804,385.377701
237.471333,385.441367
237.289583,385.504781
237.108325,385.568024
236.926539,385.631451
236.744216,385.695065
236.563039,385.758280
236.380815,385.821860
236.199095,385.885264
236.017449,385.948642
235.835753,386.012037
235.654236,386.075371
232.752388,387.087855
232.571104,387.151107
232.390689,387.214056
232.209054,387.277430
232.028015,387.340596
231.847543,387.403565
231.665993,387.466909
231.485002,387.530059
231.304624,387.592995
231.123160,387.656309
230.942284,387.719419
230.761962,387.782335
230.580593,387.845617
230.399716,387.908726
230.218936,387.971803
227.330118,388.979741
227.150336,389.042469
226.969518,389.105558
226.789158,389.168487
226.609533,389.231160
226.429351,389.294027
226.248608,389.357091
226.068965,389.419770
225.888873,389.482606
225.708739,389.545456
225.528701,389.608274
225.348634,389.671101
225.168083,389.734097
224.988589,389.796724
224.808637,389.859511
221.932801,390.862920
221.752738,390.925746
221.573802,390.988178
221.394290,391.050812
221.214428,391.113568
221.034990,391.176175
220.856110,391.238589
220.676731,391.301176
220.496848,391.363939
220.318121,391.426298
220.138912,391.488826
219.959077,391.551573
219.780413,391.613910
219.601195,391.676441
219.421508,391.739136
216.559083,392.737865
216.380369,392.800220
216.201664,392.862573
216.022344,392.925139
215.843514,392.987535
215.665281,393.049722
215.486468,393.112112
215.307015,393.174725
215.128691,393.236944
214.949139,393.299591
214.770325,393.361981
214.591869,393.424247
214.412373,393.486874
214.233501,393.549285
214.055172,393.611505
211.196657,394.608871
211.018242,394.671122
210.839275,394.733565
210.661364,394.795640
210.483127,394.857829
210.304224,394.920250
210.125989,394.982438
209.948159,395.044484
209.769944,395.106666
209.591105,395.169064
209.413559,395.231012
209.235382,395.293180
209.057226,395.355340
208.879102,395.417489
208.701060,395.479610
205.855399,396.472491
205.677204,396.534664
205.499629,396.596622
205.321966,396.658611
205.144457,396.720545
204.967487,396.782292
204.789451,396.844411
204.611988,396.906329
204.434593,396.968224
204.256997,397.030189
204.079749,397.092033
203.902337,397.153934
203.725595,397.215601
203.547695,397.277672
203.370481,397.339504
200.537538,398.327947
200.360729,398.389637
200.183913,398.451330
200.007136,398.513009
199.830929,398.574490
199.654213,398.636148
199.476972,398.697989
199.300807,398.759455
199.123640,398.821270
198.947026,398.882893
198.770405,398.944517
198.594408,399.005925
198.417344,399.067704
198.240798,399.129303
198.064868,399.190687
195.244637,400.174694
195.068000,400.236324
194.892037,400.297720
194.716569,400.358942
194.540113,400.420510
194.364014,400.481953
194.188802,400.543086
194.012294,400.604671
193.836501,400.666007
193.661208,400.727169
193.484902,400.788684
193.309008,400.850055
193.133333,400.911350
192.957630,400.972654
192.781945,401.033953
189.974365,402.013546
189.799156,402.074678
189.624463,402.135631
189.448726,402.196947
189.274080,402.257883
189.098952,402.318987
188.923845,402.380083
188.748222,402.441360
188.573660,402.502266
188.398119,402.563514
188.223084,402.624586
188.048618,402.685459
187.873698,402.746490
187.698224,402.807715
187.523332,402.868737
184.728329,403.843942
184.553915,403.904797
184.379527,403.965642
184.205057,404.026517
184.030660,404.087366
183.856300,404.148202
183.681980,404.209024
183.508188,404.269662
183.333932,404.330461
183.159117,404.391456
182.985432,404.452056
182.811255,404.512829
182.637082,404.573599
182.462932,404.634362
182.288850,404.695101
179.506470,405.665902
179.332773,405.726507
179.158534,405.787300
178.985444,405.847693
178.811883,405.908251
178.638281,405.968822
178.464756,406.029367
178.291214,406.089917
178.117207,406.150630
177.944239,406.210980
177.770834,406.271483
177.596914,406.332166
177.424015,406.392492
177.250643,406.452983
177.076775,406.513647
174.306867,407.480097
174.134511,407.540234
173.961656,407.600544
173.788172,407.661075
173.615428,407.721347
173.443145,407.781458
173.270407,407.841728
173.097118,407.902191
172.924938,407.962266
172.752256,408.022516
172.579070,408.082943
172.406971,408.142990
172.234347,408.203220
172.061222,408.263625
171.889156,408.323661
169.131330,409.285895
168.958984,409.346028
168.786975,409.406044
168.615374,409.465917
168.442831,409.526119
168.270781,409.586149
168.098838,409.646142
167.926856,409.706148
167.754900,409.766145
167.582990,409.826126
167.411577,409.885934
167.239178,409.946086
167.067419,410.006015
166.895641,410.065950
166.723827,410.125897
163.979257,411.083506
163.807386,411.143473
163.636567,411.203074
163.464752,411.263022
163.293477,411.322781
163.122735,411.382355
162.951560,411.442080
162.779824,411.502000
162.608636,411.561730
162.438016,411.621261
162.266382,411.681146
162.095283,411.740844
161.924785,411.800332
161.753166,411.860212
161.582161,411.919877
158.849445,412.873350
158.679392,412.932683
158.508872,412.992179
158.337817,413.051862
158.167799,413.111183
157.996844,413.170831
157.826861,413.230140
157.656388,413.289620
157.486021,413.349062
157.315640,413.408510
157.144789,413.468122
156.974954,413.527379
156.804702,413.586782
156.633866,413.646388
156.464144,413.705606
153.684515,414.680177
153.510447,414.742287
153.336509,414.804511
153.162538,414.866908
152.988656,414.929434
152.814972,414.992050
152.641842,415.054629
152.467721,415.117727
152.294204,415.180769
152.121257,415.243765
151.947396,415.307256
151.774622,415.370513
151.600926,415.434269
151.428275,415.497804
151.254741,415.561826
148.496710,416.601371
148.325487,416.667282
148.153873,416.733504
147.982323,416.799865
147.810890,416.866342
147.639506,416.932963
147.467740,416.999895
147.296504,417.066783
147.125341,417.133805
146.954307,417.200939
146.783844,417.268011
146.612442,417.335614
146.442140,417.402946
146.270901,417.470811
146.100281,417.538593
143.381477,418.640719
143.211771,418.710895
143.042534,418.781041
142.873937,418.851083
142.704460,418.921654
142.535992,418.991967
142.366669,419.062799
142.198396,419.133355
142.029244,419.204442
141.860622,419.275469
141.692622,419.346396
141.523705,419.417873
141.355342,419.489279
141.187086,419.560801
141.019436,419.632229
138.339666,420.796016
138.173341,420.869627
138.006728,420.943528
137.840132,421.017584
137.673178,421.091963
137.507249,421.166048
137.340966,421.240453
137.174708,421.315010
137.008616,421.389656
136.842024,421.464690
136.676578,421.539370
136.510167,421.614649
136.344928,421.689561
136.178626,421.765118
136.013094,421.840488
133.375429,423.063586
133.210771,423.141328
133.047262,423.218691
132.883242,423.296458
132.719392,423.374308
132.555571,423.452308
132.391276,423.530697
132.227756,423.608880
132.064960,423.686878
131.901388,423.765409
131.739110,423.843482
131.576588,423.921834
131.414425,424.000176
131.252477,424.078576
131.090842,424.156987
128.525303,425.423432
128.366284,425.503287
128.206375,425.583749
128.046988,425.664109
127.887700,425.744579
127.728741,425.825041
127.570020,425.905541
127.411578,425.986059
127.253934,426.066330
127.095583,426.147120
126.937949,426.227705
126.780688,426.308257
126.623643,426.388858
126.466956,426.469434
126.310466,426.550066
123.819586,427.854890
123.664639,427.937390
123.509846,428.019964
123.355039,428.102703
123.200401,428.185508
123.046261,428.268204
122.891808,428.351224
122.736910,428.434640
122.582594,428.517901
122.428371,428.601268
122.274218,428.684755
122.120228,428.768311
121.966690,428.851777
121.812312,428.935858
121.658586,429.019741
119.222687,430.370070
119.072782,430.454489
118.922516,430.539266
118.771918,430.624386
118.622243,430.709138
118.471838,430.794458
118.321941,430.879645
118.172579,430.964681
118.023065,431.049955
117.873362,431.135490
117.724339,431.220791
117.576047,431.305825
117.427672,431.391061
117.279063,431.476583
117.131643,431.561575
114.786380,432.934272
114.640606,433.020877
114.494417,433.107879
114.349293,433.194399
114.203323,433.281574
114.057906,433.368570
113.913015,433.455402
113.767249,433.542909
113.622133,433.630177
113.477496,433.717308
113.332488,433.804813
113.187147,433.892670
113.042330,433.980362
112.897623,434.068139
112.752963,434.156038
110.451976,435.574668
110.309790,435.663603
110.168435,435.752167
110.026731,435.841099
109.886128,435.929489
109.746532,436.017392
109.607186,436.105286
109.468206,436.193095
109.330929,436.279973
109.193633,436.367008
109.057736,436.453299
108.923212,436.538860
108.788991,436.624369
108.656149,436.709139
108.524294,436.793419
106.550976,438.071494
106.436460,438.146641
106.322196,438.221730
106.209330,438.296006
106.097723,438.369559
105.986770,438.442783
105.876464,438.515682
105.767804,438.587593
105.659497,438.659367
105.552447,438.730406
105.446741,438.800647
105.341321,438.870791
105.237247,438.940132
105.134409,439.008739
105.032278,439.076964
103.529194,440.091327
103.443422,440.149798
103.358579,440.207699
103.274692,440.265009
103.191779,440.321714
103.108916,440.378454
103.026127,440.435206
102.943119,440.492167
102.860423,440.548972
102.777981,440.605659
102.695363,440.662524
102.612544,440.719583
102.530246,440.776342
102.447485,440.833475
102.365020,440.890462
101.057780,441.801418
100.977914,441.857542
100.898000,441.913755
100.817866,441.970180
100.738028,442.026451
100.658487,442.082567
100.578721,442.138897
100.499017,442.195237
100.419370,442.251591
100.339763,442.307971
100.259924,442.364569
100.180628,442.420837
100.101129,442.477303
100.021567,442.533865
99.942753,442.589950
98.702359,443.479770
98.625768,443.535154
98.549369,443.590450
98.473163,443.645658
98.397235,443.700715
98.321236,443.755875
98.245714,443.810740
98.170642,443.865328
98.095548,443.919982
98.020667,443.974531
97.946010,444.028966
97.871405,444.083416
97.796816,444.137904
97.722273,444.192408
97.647524,444.247112
96.460650,445.122374
96.386772,445.177272
96.313190,445.232000
96.239169,445.287103
96.165411,445.342059
96.091714,445.397019
96.018050,445.452004
95.944426,445.507008
95.870800,445.562062
95.797484,445.616934
95.723711,445.672197
95.650259,445.727268
95.576821,445.782377
95.503404,445.837521
95.430043,445.892671
94.238639,446.795825
94.164300,446.852928
94.089792,446.910263
94.015100,446.967840
93.940940,447.025108
93.866605,447.082612
93.792353,447.140153
93.718181,447.197733
93.644035,447.255394
93.569744,447.313269
93.495755,447.371011
93.421798,447.428829
93.348160,447.486498
93.274115,447.544588
93.200596,447.602366
92.029233,448.536670
91.956336,448.595680
91.883735,448.654551
91.811419,448.713293
91.738953,448.772259
91.666303,448.831477
91.594198,448.890352
91.521921,448.949470
91.449702,449.008642
91.377545,449.067866
91.305240,449.127313
91.233168,449.186671
91.161226,449.246025
91.089335,449.305438
91.017519,449.364892
89.876965,450.322980
89.806230,450.383268
89.735781,450.443416
89.664942,450.504000
89.594412,450.564423
89.523929,450.624907
89.453523,450.685429
89.383393,450.745817
89.313094,450.806452
89.242666,450.867303
89.172506,450.928025
89.102607,450.988624
89.032611,451.049411
88.962425,451.110466
88.892537,451.171365
87.783047,452.152157
87.714448,452.213675
87.645523,452.275589
87.576859,452.337374
87.508272,452.399194
87.439733,452.461073
87.371487,452.522793
87.303083,452.584758
87.234750,452.646764
87.166287,452.708992
87.098284,452.770906
87.029937,452.833237
86.961858,452.895430
86.894068,452.957461
86.825925,453.019921
85.747966,454.022123
85.680904,454.085364
85.614155,454.148415
85.547657,454.211334
85.481040,454.274470
85.414267,454.337859
85.347966,454.400906
85.281526,454.464191
85.214943,454.527717
85.148666,454.591056
85.082408,454.654484
85.016264,454.717907
84.950350,454.781215
84.884101,454.844950